vulnerability_id,contextual_risk_score,priority_label,risk_level,key_risk_drivers,confidence_level
CVE-2025-7783,37.9,P1,Critical,"[""S_cvss(v)=9.4/10 — From graph: Vulnerability node {name: 'CVE-2025-7783', cvss: 9.4, description: 'Predictable Value Range from Previous Values'}. This is an intrinsically high-severity flaw (likely strong impact on confidentiality/integrity given the CVSS)."", ""S_exp(v)=8.5/10 — Deployment exposure from graph: CVE-2025-7783 EXISTS_IN npm package 'form-data' 2.3.3, which is INSTALLED_ON three assets:\n- asset-push-004 (prod, runtime-host, network_exposure='partner-network', data_classification='confidential', tier='important') hosting Service 'push-campaign-api' (criticality='important', handles_pii=true, revenue_impact='medium') — externally reachable by partners and processes PII.\n- asset-push-016 (prod, npm-internal-library, network_exposure='internal', data_classification='internal') hosting Service 'push-shared-configs' (supporting, low revenue, no PII) — used by multiple higher-criticality services.\n- asset-push-018 (dev, internal, developer-cli) hosting 'push-cli-tool' (supporting, no PII) — low exposure.\nHighest practical exposure is the partner-network, prod, confidential, PII-handling instance; additionally, the vulnerable shared-configs library is likely invoked within internet-facing services that depend on it. Normalized exposure score set high at 8.5."", 'S_crit(v)=9.0/10 — Business criticality from hosted and dependent services:\n- Directly affected services:\n  • \'push-campaign-api\' (important, PII=true, revenue_impact=\'medium\') is an external integration for Salesforce Marketing Cloud; outage or compromise would directly affect partner campaigns and PII.\n  • \'push-shared-configs\' (supporting, low revenue, no PII) but documentation says: ""Shared configuration helper npm library consumed by push-service apps."" It is depended on by:\n      - \'push-api\' (mission-critical, revenue_impact=\'high\', handles_pii=true, internet-facing prod host asset-push-001 with data_classification=\'confidential\', network_exposure=\'internet-facing\').\n      - \'push-campaign-api\' (important, PII=true, medium revenue).\n      - \'push-admin\' (critical administration API, internal host asset-push-005, tier=\'critical\').\n- Effective business impact includes core push notification revenue flows and tenant/product administration plus PII processing. This justifies a very high criticality score of 9.0.', ""S_exploit(v)=2.0/10 — Exploit likelihood from ThreatSignal:\n- MATCH (v)-[:HAS]->(t:ThreatSignal) yields t {cve:'CVE-2025-7783', epss:0.00449, kevListed:false, publicExploit:false}.\n- EPSS ≈0.45% is low; there is no KEV listing and no known public exploit in the graph.\n- Despite high intrinsic severity, current data suggests low near-term exploitation probability in the wild, so S_exploit is set to 2.0 (slightly above minimum to reflect that a high-impact bug could still attract future exploitation)."", 'S_blast(v)=9.0/10 — Blast radius from service dependency graph:\n- Directly affected services: \'push-campaign-api\', \'push-shared-configs\', \'push-cli-tool\'.\n- Downstream dependencies from \'push-campaign-api\': DEPENDS_ON -> \'push-queue-worker\', \'push-shared-common\', \'push-shared-configs\', \'push-infra-external-api\' (all prod, with \'push-queue-worker\' important/medium revenue and \'push-infra-external-api\' important, PII=true, confidential, partner-network).\n- Upstream dependencies on \'push-shared-configs\': \'push-api\' (mission-critical, internet-facing, PII=true, high revenue), \'push-campaign-api\' (important, PII=true), and \'push-admin\' (critical admin API). The shared-configs library is explicitly described as consumed by ""every push-service module"", indicating a cross-cutting dependency.\n- A compromise in this vulnerable library or in the partner-facing API where it runs could cascade across mission-critical, internet-facing and PII-processing services, causing wide operational and security impact. This warrants a blast-radius score of 9.0.', ""Integrated judgment: S_priority(v) = S_cvss 9.4 + S_exp 8.5 + S_crit 9.0 + S_exploit 2.0 + S_blast 9.0 = 37.9 out of 50. Given the concentration of risk on production, PII-handling, revenue-generating, and internet/partner-exposed services ('push-api', 'push-campaign-api', associated infra), CVE-2025-7783 is prioritized as P1 (immediate action) despite currently low exploit intelligence. Assumption: the vulnerable npm package 'form-data' in 'push-shared-configs' is effectively part of the runtime of dependent services (as suggested by the library’s documentation); if in reality these services vendor a different version, actual risk would be somewhat lower.""]",0.85
CVE-2023-26136,36.3,P2,High,"['Score breakdown (0–10 each, max 50): S_cvss=9.8, S_exp=8.0, S_crit=8.0, S_exploit=2.0, S_blast=8.5 → S_priority=36.3/50.', 'Vulnerability severity (S_cvss=9.8): Graph shows CVSS 9.8 with description “Prototype Pollution”, in npm package tough-cookie 2.5.0. This is mapped directly to 9.8/10 on our 0–10 scale due to critical remote impact potential.', 'Deployment exposure (S_exp=8.0): tough-cookie 2.5.0 is installed on three distinct assets:\n- asset-push-004 (prod, aws, kind=runtime-host, network_exposure=partner-network, data_classification=confidential, tier=important).\n- asset-push-016 (prod, aws, kind=npm-internal-library, network_exposure=internal, data_classification=internal, tier=supporting).\n- asset-push-018 (dev, aws, kind=developer-cli, network_exposure=internal, data_classification=internal, tier=supporting).\nHigh exposure is driven mainly by the prod runtime host in a partner-facing network handling confidential data. Internal prod library and dev CLI increase spread but less so exposure, giving an overall high (but not max) exposure score.', 'Business criticality (S_crit=8.0): Affected services include:\n- push-campaign-api on asset-push-004: criticality=important, revenue_impact=medium, handles_pii=true. This is a partner-facing external API used by Salesforce Marketing Cloud to deliver client messages, directly tied to customer communications and PII.\n- push-shared-configs (supporting, low revenue_impact, no PII) and push-cli-tool (supporting, low revenue_impact, no PII) are less critical.\nThe presence of the vulnerability in a PII-handling, partner-facing, important service drives an overall high criticality score.', 'Exploit likelihood (S_exploit=2.0): ThreatSignal node for CVE-2023-26136 shows epss=0.06423, kevListed=false, publicExploit=false. EPSS ~6.4% indicates some likelihood but not elevated; absence of KEV listing and public exploit keeps this low. On a 0–10 scale, this maps to a low-but-nonzero likelihood score of 2.0.', 'Blast radius (S_blast=8.5): Service dependency graph shows push-campaign-api (important, PII) DEPENDS_ON multiple services:\n- push-queue-worker (criticality=important, revenue_impact=medium).\n- push-infra-external-api (criticality=important, handles_pii=true, revenue_impact=medium).\n- push-shared-common (criticality=supporting) and push-shared-configs (supporting) which, by description, are shared libraries across push-service modules.\nCompromise of tough-cookie within push-campaign-api could impact downstream workers and infra that process or route campaign traffic and PII. Additionally, presence of tough-cookie in a shared internal library asset (npm-internal-library) suggests potential horizontal spread across multiple push-service applications, increasing blast radius. These factors justify a high blast radius score.', 'Overall contextual judgment: Despite relatively low current exploit intelligence, CVSS is critical, the vulnerability sits in a partner-facing prod API handling confidential/PII data, and that API has important downstream and shared-library dependencies. Using our 0–50 composite scale, 30–40 maps to High risk; the 36.3 score places this vulnerability in the upper end of High. Given low exploit likelihood but high impact if exploited, this is prioritized as P2 (near-term remediation) rather than P1. Recommended handling: plan and execute remediation promptly (e.g., upgrade tough-cookie in affected services and shared libraries) and monitor threat intel for any change in EPSS, KEV, or exploit availability.']",0.86
CVE-2026-39983,17.8,P3,Medium,"['S_cvss(v) = 9.8/10 — CRLF Injection vulnerability with critical intrinsic severity in package `basic-ftp` (npm, v5.0.5).', ""S_exp(v) ≈ 3/10 — Vulnerable package is only present on a single asset `asset-push-019` (AWS, kind=ci-tool) with `network_exposure='internal'`, `environment='dev'`, `data_classification='internal'`, `tier='supporting'`. No direct internet exposure and non-production environment materially reduce exposure."", ""S_crit(v) ≈ 2/10 — The affected service `push-deploy-stackman` has `criticality='supporting'`, `revenue_impact='low'`, and `handles_pii=false`. Business impact is limited to CI/CD helper workflows for push-service stacks, with no direct customer or PII processing."", 'S_exploit(v) ≈ 1/10 — ThreatSignal for CVE-2026-39983 shows `epss=0.01844` (low exploit probability), `kevListed=false`, and `publicExploit=false`. Lack of KEV listing and public exploits significantly lowers near-term exploitation likelihood.', 'S_blast(v) ≈ 2/10 — Graph shows the affected service has no `DEPENDS_ON` downstream services and no upstream services depending on it. Only a single dev CI asset is involved, with no fan-out across multiple services or shared components. Blast radius is therefore small, though compromise could still perturb CI-driven stack deployments.', 'Scoring summary — S_priority(v) = S_cvss(9.8) + S_exp(3) + S_crit(2) + S_exploit(1) + S_blast(2) ≈ 17.8/50 → Contextual risk level: Medium; Priority label: P3 (schedule remediation in normal patch cycle, monitor for any change in EPSS/KEV/exploit status).']",0.84
CVE-2026-4800,20.8,P3,Moderate,"[""Context summary: CVE-2026-4800 (Arbitrary Code Injection) affects npm package lodash 4.17.21, installed only on asset 'asset-push-019' (AWS, internal, dev, CI tool) which hosts service 'push-deploy-stackman' (supporting criticality, low revenue impact, no PII, CI/CD CloudFormation helper for push-service stacks). No dependent or depending services were found. One ThreatSignal exists with very low EPSS and no known exploits/KEV listing."", ""S_cvss(v) = 9.8 / 10 — From graph: v.cvss = 9.8 and description 'Arbitrary Code Injection' indicate an intrinsically critical vulnerability (remote code execution potential). This strongly drives the base risk upward regardless of environment."", ""S_exp(v) ≈ 4 / 10 — Deployment Exposure: asset 'asset-push-019' is:\n- environment = 'dev' (lower exposure than staging/prod)\n- network_exposure = 'internal' (not internet-facing)\n- data_classification = 'internal' (no sensitive/regulated data)\nThese factors would suggest very low exposure (≈2–3), but the asset is a 'ci-tool' used in a CI/CD pipeline for AWS stack deployments, which slightly raises exposure because compromise can affect deployed infrastructure indirectly. Normalized exposure score set to ~4/10."", ""S_crit(v) ≈ 3 / 10 — Business Criticality from service node 'push-deploy-stackman':\n- criticality = 'supporting'\n- revenue_impact = 'low'\n- handles_pii = false\nThe service underpins deployment workflows but is not itself revenue-critical or PII-handling. This yields a low-to-moderate business criticality score, normalized as ~3/10."", 'S_exploit(v) ≈ 1 / 10 — Exploit Likelihood from ThreatSignal:\n- epss = 0.00038 (very low probability of exploitation)\n- kevListed = false (not in Known Exploited Vulnerabilities)\n- publicExploit = false (no public exploit known in this graph)\nMapping EPSS≈0.00038 to a 0–10 scale and applying no boosts for KEV/public exploit gives an exploitability score near zero; rounded conservatively to ~1/10 to reflect some non-zero residual risk.', ""S_blast(v) ≈ 3 / 10 — Blast Radius assessment:\n- Vulnerable package lodash 4.17.21 appears on a single asset ('asset-push-019') in this graph query.\n- That asset hosts a single service ('push-deploy-stackman').\n- Additional query for service dependencies (DEPENDS_ON*1..3) returned no related services (dep/path = null), indicating no modeled upstream/downstream service dependency chain.\nDirect blast radius within the modeled environment is therefore small. However, because the affected service is a CI/CD CloudFormation helper that manages push-service AWS stacks, a successful compromise could indirectly impact multiple infrastructure stacks, giving a modest but non-negligible effective blast radius. Normalized as ~3/10."", 'Score aggregation and interpretation:\n- S_cvss(v) = 9.8\n- S_exp(v) ≈ 4\n- S_crit(v) ≈ 3\n- S_exploit(v) ≈ 1\n- S_blast(v) ≈ 3\n=> S_priority(v) = 9.8 + 4 + 3 + 1 + 3 = 20.8 (out of a theoretical max of 50).\nUsing an internal scale (≈0–15 Low, 15–30 Moderate, 30–40 High, 40–50 Critical), CVE-2026-4800 in this specific enterprise context is **Moderate risk** overall, dominated by very high intrinsic severity but meaningfully reduced by low exploit likelihood, dev/internal deployment, and limited modeled blast radius.', 'Resulting priority label rationale: With S_priority ≈ 20.8 and the vulnerability present only in a single internal dev CI asset and a supporting, low-revenue, non-PII service, but with critical inherent severity, the issue warrants **P3 (scheduled remediation)** — it should be fixed in the normal remediation cycle (e.g., upcoming sprint or next CI image update), but does not require immediate emergency action absent new threat intelligence (e.g., KEV listing or public exploit emergence).']",0.85
CVE-2023-25344,16.8,P4,Low,"[""Intrinsic severity S_cvss=9.8/10: Vulnerability node shows CVSS 9.8 with description 'Arbitrary Code Execution', indicating a highly severe, likely remotely exploitable code execution flaw in swig-templates 2.0.3."", ""Deployment exposure S_exp≈2/10: The affected package swig-templates 2.0.3 is installed only on asset 'asset-push-019' (hostname push-deploy-stackman-dev-019.push.internal), which is an internal, dev-environment CI tool host (environment='dev', network_exposure='internal', data_classification='internal'). No internet-facing exposure is indicated in the graph."", ""Business criticality S_crit≈2/10: The asset tier is 'supporting', and it hosts a single service 'push-deploy-stackman' with service.criticality='supporting', revenue_impact='low', handles_pii=false. The service is a CI/CD CloudFormation deployment helper for push-service AWS stacks, but in this graph it is classified as low revenue impact and non-PII, and runs in dev, so direct business impact from compromise is limited in this modeled environment."", 'Exploit likelihood S_exploit≈1/10: ThreatSignal for CVE-2023-25344 shows epss=0.0041, kevListed=false, publicExploit=false. This combination indicates a low current probability of exploitation in the wild for this environment.', ""Blast radius S_blast≈2/10: The vulnerable package is present on a single asset and a single service. Dependency analysis shows no outgoing or incoming Service-[:DEPENDS_ON]->Service relationships for 'push-deploy-stackman' (no multi-hop dependency paths within 3 hops), suggesting minimal service interdependencies and a contained blast radius in the modeled system."", 'Overall contextual judgment: Despite very high intrinsic severity, the vulnerability is currently confined to an internal, dev, supporting-tier CI helper with low revenue impact, no PII, low EPSS, and no KEV/public exploit signals. In this specific enterprise context, the real-world risk is low, so remediation can be scheduled in backlog/regular patch cycles rather than requiring immediate emergency action, while verifying out-of-band whether this dev CI tooling can influence production environments (not modeled in the graph).']",0.8
CVE-2026-27699,16.0,P4,Low,"['Score breakdown (0–10 each, max 50): S_cvss=9.8, S_exp=2, S_crit=3, S_exploit=0.2, S_blast=1 → S_priority=16.0', 'Vulnerability severity (S_cvss=9.8): Graph shows CVSS 9.8 with description ""Directory Traversal"" on npm package basic-ftp 5.0.5, indicating a critical intrinsic issue in the library itself.', 'Deployment exposure (S_exp=2): basic-ftp@5.0.5 is installed only on a single asset (asset-push-019), which is an internal, dev-environment CI tool host (`environment: dev`, `network_exposure: internal`, `data_classification: internal`, `tier: supporting`). No internet-facing or production deployment is present in the graph, so real-world exposure is low but non-zero (internal lateral movement risk).', 'Business criticality (S_crit=3): The affected service `push-deploy-stackman` is marked `criticality: supporting`, `revenue_impact: low`, `handles_pii: false`. It is a CloudFormation deployment helper used in the CI/CD pipeline for push-service AWS stacks, so compromise could disrupt internal deployments but is unlikely to cause direct, immediate revenue or PII impact.', 'Exploit likelihood (S_exploit=0.2): ThreatSignal shows EPSS=0.00152, `kevListed: false`, `publicExploit: false`. This indicates very low current exploit probability, with no known exploitation in the wild or KEV listing, thus a near-minimal exploitability score.', 'Blast radius (S_blast=1): Graph traversal shows basic-ftp@5.0.5 only on one dev CI asset hosting a single service (`push-deploy-stackman`). Dependency analysis shows no other services depending on this service and no downstream services it depends on (no `DEPENDS_ON` edges in either direction). This suggests exploitation would be largely contained to that dev CI helper, giving a very small blast radius in the modeled environment.', 'Assumptions and data limits: Assessment is based solely on the knowledge graph: one Vulnerability node for CVE-2026-27699, one npm package instance (basic-ftp 5.0.5), one internal dev CI asset and one supporting, non-PII, low-revenue-impact service with no modeled dependencies. There may be additional undiscovered installations or business processes not represented in the graph; those would increase exposure and criticality if present.']",0.82
CVE-2021-44906,18.8,P3,Moderate,"['Score breakdown (0–10 each): S_cvss=9.8, S_exp=3, S_crit=2, S_exploit=2, S_blast=2 → S_priority=18.8/50.', 'Vulnerability severity (S_cvss=9.8): Graph shows CVSS 9.8, description “Prototype Pollution” in npm package minimist@0.0.10, so intrinsically critical if reachable.', 'Deployment exposure (S_exp=3): Package is installed only on a single Asset `asset-push-019` with environment=dev, network_exposure=internal, data_classification=internal, tier=supporting. This indicates a non‑internet‑facing, internal dev/CI context with limited direct exposure.', 'Business criticality (S_crit=2): The affected asset hosts Service `push-deploy-stackman` with criticality=supporting, revenue_impact=low, handles_pii=false. Both asset tier and service role are supporting and non‑PII, so direct business impact is low.', 'Exploit likelihood (S_exploit=2): ThreatSignal node for CVE-2021-44906 has epss=0.00882 (very low likelihood), kevListed=false, publicExploit=false. This indicates currently low observed exploitation pressure despite the high intrinsic severity.', 'Blast radius (S_blast=2): The only affected service `push-deploy-stackman` has 0 downstream dependencies and 0 upstream dependents in the service graph. With a single internal dev CI asset and no modeled service interdependencies, the modeled blast radius is small.', 'Contextual judgment: Despite critical CVSS, in this enterprise graph the vulnerability is confined to one internal dev CI asset running a supporting, low‑revenue, non‑PII service with no service dependencies and low exploit intel signal. This justifies a contextual priority of P3 (scheduled remediation) rather than immediate P1/P2 emergency response, while still planning to upgrade or patch minimist in this CI context.']",0.9
CVE-2026-27459,16.8,P4,Low,"['High intrinsic severity: CVSS 9.8 buffer overflow in pyopenssl 24.1.0', 'Vulnerable package only present on a single AWS dev asset (asset-push-021) with internal network exposure', 'Impacts a non-production, supporting build/developer service: push-build-deps-dev (""Not deployed"", low revenue impact, no PII)', 'Very low exploit likelihood: EPSS 0.00026, not KEV-listed, no public exploit observed', 'Minimal blast radius: no downstream service dependencies from push-build-deps-dev and limited to dev toolchain']",0.9
CVE-2026-1615,22.8,P3,"Moderate contextual risk in current deployment (dev-only CI/CD helper, high intrinsic severity, low current exploit pressure)","['Score breakdown (0–10 each, higher=worse): S_cvss=9.8, S_exp=4, S_crit=4, S_exploit=1, S_blast=4 → S_priority=22.8/50.', 'Graph evidence – vulnerability & package: CVE-2026-1615 node has cvss=9.8 and description “Arbitrary Code Injection”; it EXISTS_IN npm package jsonpath 1.1.1 (spdx_id=SPDXRef-jsonpath-1-1-1).', 'Deployment exposure (S_exp≈4/10): jsonpath@1.1.1 is INSTALLED_ON a single asset asset-push-019 (hostname push-deploy-stackman-dev-019.push.internal) with environment=dev, network_exposure=internal, data_classification=internal, tier=supporting, kind=ci-tool. No Internet-facing or production assets are currently linked, which limits exposure but CI tooling still has some risk weight.', 'Business criticality (S_crit≈4/10): The affected asset hosts Service push-deploy-stackman with criticality=""supporting"", revenue_impact=""low"", handles_pii=false. However, its description and documentation both state it is a “CloudFormation deployment helper (stackman) executed in the CI/CD pipeline to manage push-service AWS stacks,” so compromise could affect infrastructure deployment for push-service even though it is not a core revenue/PII system.', 'Exploit likelihood (S_exploit≈1/10): ThreatSignal for CVE-2026-1615 shows epss=0.00107 (very low probability), kevListed=false (not in CISA KEV), publicExploit=false. Current external pressure and exploitation likelihood appear low despite the high intrinsic severity.', 'Blast radius (S_blast≈4/10): Service graph shows push-deploy-stackman has no recorded DEPENDS_ON edges to or from other services (no upstream or downstream services in the knowledge graph). That limits direct service-to-service propagation. Nonetheless, because the service runs in CI/CD for AWS stacks, a successful arbitrary code injection could indirectly impact multiple cloud stacks managed by this tooling, giving it a modest blast-radius score rather than minimal.', 'Contextual interpretation: High-severity arbitrary code injection in a widely used npm package, but currently only observed on one internal dev CI asset, supporting a low-revenue, non-PII service, with low exploit intelligence. This justifies a P3 (scheduled remediation): it should be fixed in a planned window (especially in CI pipelines) but does not demand immediate emergency response given current graph evidence.']",0.78
CVE-2025-15284,37.2,P2,High,"[""Severity S_cvss = 8.7/10: Graph shows Vulnerability{name: 'CVE-2025-15284', cvss: 8.7, description: 'Allocation of Resources Without Limits or Throttling'} in npm package 'qs' (versions 6.11.2 and 6.5.3), implying high-impact resource-exhaustion/DoS potential across services that parse untrusted input."", ""Exposure S_exp ≈ 9.5/10: Vulnerable 'qs' is installed on multiple production, internet-facing or partner-exposed assets with confidential/regulated data, e.g. asset-push-001 (push-api, environment='prod', network_exposure='internet-facing', data_classification='confidential', tier='mission-critical'), asset-push-002 (push-registrar, same attributes), asset-push-003 (push-legacy-api, internet-facing), and asset-push-004 (push-campaign-api, network_exposure='partner-network')."", ""Business Criticality S_crit ≈ 9.5/10: Affected services include mission-critical, high-revenue, PII-handling components: 'push-api' and 'push-registrar' (criticality='mission-critical', revenue_impact='high', handles_pii=true, data_classification='confidential'), and 'push-gdpr-worker' (criticality='critical', data_classification='regulated', handles_pii=true) that underpin customer communications and regulatory compliance."", 'Exploit Likelihood S_exploit ≈ 0.5/10: ThreatSignal linked via (Vulnerability)-[:HAS]->(ThreatSignal) shows epss=0.00072, kevListed=false, publicExploit=false. This indicates very low current exploitation in the wild and no KEV/public-exploit signal, so likelihood is low despite high intrinsic severity.', 'Blast Radius S_blast ≈ 9/10: The vulnerability exists in \'qs\' used directly on many services and via the \'push-shared-common\' library, which is ""consumed by every push-service module"". The dependency graph (Service-[:DEPENDS_ON]->Service) shows vulnerable front-line services (push-api, push-registrar, push-legacy-api, push-campaign-api) and internal workers (push-queue-worker, push-gdpr-worker, push-legacy-worker, push-status-worker) all interconnected and depending on shared storage/infra like \'push-infra-storage\' (critical, handles_pii=true, revenue_impact=\'high\'), so a parsing-based resource exhaustion bug can degrade a large portion of the push platform simultaneously.', 'Integrated Priority: S_priority = 8.7 (severity) + 9.5 (exposure) + 9.5 (business criticality) + 0.5 (exploit likelihood) + 9 (blast radius) ≈ 37.2 / 50. Given high business impact and wide blast radius but currently low exploit likelihood/KEV presence, contextual risk is assessed as High with a remediation priority of P2 (near-term remediation rather than immediate emergency).']",0.9
CVE-2025-69873,35.2,P2,High,"['S_cvss = 8.2/10 (intrinsic severity): Graph shows CVSS 8.2 with description ""Regular Expression Denial of Service (ReDoS)"", indicating high impact on availability if malicious inputs hit vulnerable validation paths.', 'S_exp = 8/10 (deployment exposure): Vulnerable npm package `ajv` is installed on multiple production, internet-facing runtime hosts:\n- `asset-push-001` (push-api, prod, internet-facing, data_classification=confidential, tier=mission-critical)\n- `asset-push-002` (push-registrar, prod, internet-facing, confidential, mission-critical)\n- `asset-push-003` (push-legacy-api, prod, internet-facing, confidential, critical)\nPlus partner-network exposure (`push-campaign-api`) and numerous internal prod workers. This puts the vulnerable code on paths reachable from the public internet and partner networks.\n[Assumption: ajv is used to validate untrusted request payloads in these Node-based services, which is typical for JSON APIs.]', 'S_crit = 9/10 (business criticality & data sensitivity): Affected services include:\n- `push-api` and `push-registrar` (criticality=mission-critical, revenue_impact=high, handles_pii=true) – core push notification and device registration APIs.\n- `push-gdpr-worker` (criticality=critical, data_classification=regulated, handles_pii=true) – GDPR deletion processing, tied to regulatory obligations.\n- `push-legacy-api` (criticality=critical, internet-facing) and `push-admin` (criticality=critical).\nOutage or instability in these components directly affects customer-facing notifications and compliance flows, implying high business impact even for availability-only issues.', 'S_exploit = 2/10 (exploit likelihood): ThreatSignal node for CVE-2025-69873 shows epss=0.00015, kevListed=false, publicExploit=false. There is currently no evidence of active exploitation or KEV inclusion, and statistical likelihood of exploitation is very low, so we treat exploitability as low despite the theoretical ease of triggering ReDoS once a vulnerable endpoint is identified.', 'S_blast = 8/10 (blast radius via dependencies & shared components): Services hosting vulnerable `ajv` instances sit in the center of a dense dependency graph:\n- `push-api` → `push-registrar`, `push-admin`, `push-infra-storage` (critical, handles_pii=true), and shared libraries (`push-shared-*`).\n- `push-registrar` → `push-admin`, `push-infra-storage`, shared access-control library.\n- `push-legacy-api` → `push-legacy-worker`, `push-infra-storage`.\n- `push-campaign-api` → `push-queue-worker`, infra stack `push-infra-external-api`, and shared libraries.\n- Multiple workers (`push-queue-worker`, `push-legacy-worker`, `push-status-worker`, `push-gdpr-worker`) further depend on shared components.\nA DoS condition in the front-line APIs would cascade to registration, storage, and worker pipelines, degrading the entire push platform and some GDPR flows, yielding a large operational blast radius.', 'Overall contextual judgment: Despite low observed exploit likelihood, the combination of (1) high intrinsic severity, (2) deployment on multiple prod internet-facing and partner-exposed services handling confidential/regulated data, and (3) central role of those services in a tightly coupled push-notification and GDPR ecosystem, results in a High contextual risk that warrants prioritized (but not emergency) remediation.']",0.8
CVE-2026-33750,36.2,P2,High,"['Score breakdown (0–10 each): S_cvss=8.7, S_exp=9, S_crit=9, S_exploit=1, S_blast=8.5 → S_priority=36.2/50.', 'Intrinsic severity (S_cvss=8.7): Vulnerability node has cvss=8.7 with description ""Infinite loop"", indicating a high-severity issue, likely enabling denial-of-service if the vulnerable code is reachable. (Assumption: primary impact is DoS, as no further impact detail is modeled in the graph.)', 'Deployment exposure (S_exp=9): The vulnerable npm package brace-expansion@1.1.11 is installed on at least 18 assets, including multiple production, internet-facing runtime hosts with confidential data, such as:\n- push-api-prod-001, push-registrar-prod-002, push-legacy-api-prod-003 (environment=prod, network_exposure=internet-facing, data_classification=confidential, tier=mission-critical/critical)\n- plus additional staging internet-facing hosts and numerous internal workers and shared libraries. This combination of prod + internet-facing + confidential/regulated data drives exposure close to maximum.', 'Business criticality (S_crit=9): Affected assets host several high-value services:\n- push-api and push-registrar: criticality=mission-critical, revenue_impact=high, handles_pii=true (front-door push APIs handling device registration data).\n- push-campaign-api: important, revenue_impact=medium, handles_pii=true.\n- push-gdpr-worker: critical, handles_pii=true, processes GDPR deletion under audit.\n- Other critical/important components (push-legacy-api, push-admin, push-legacy-worker, push-queue-worker, etc.).\nBecause the vulnerability is present across mission-critical, revenue-generating, and PII-processing services, overall business criticality is very high.', 'Exploit likelihood (S_exploit=1): ThreatSignal attached to this vulnerability shows epss=0.00024, kevListed=false, publicExploit=false. This indicates very low predicted exploitation probability and no known public or KEV-listed exploitation at this time, so exploit likelihood is scored near the minimum while not assuming zero risk.', 'Blast radius (S_blast=8.5):\n- The vulnerable package is installed not only on individual runtime hosts but also on internal npm-library assets such as push-shared-common and push-shared-configs.\n- Service metadata for push-shared-common describes it as a ""Shared internal npm library consumed by every push-service module,"" implying that a single vulnerable dependency is present across most of the push platform.\n- The dependency graph shows central services (push-api, push-registrar, push-legacy-api, push-campaign-api, workers) depending on shared and infra services (e.g., push-shared-common, push-shared-configs, push-shared-access-control, push-infra-storage, push-infra-external-api). A compromise or DoS condition in code paths using brace-expansion could therefore degrade a large portion of the push ecosystem simultaneously.\nGiven this widespread deployment and dense service-dependency topology, the potential blast radius is high, though slightly below maximum because current evidence points primarily to DoS rather than straightforward remote code execution.', 'Key assumptions and caveats: (1) The graph does not model exact code paths; the assessment assumes the infinite-loop condition is reachable via untrusted or semi-untrusted input in at least some affected services. (2) No signals of active exploitation or KEV listing are present; if that changes (EPSS spike, kevListed=true, publicExploit=true), S_exploit and overall priority should be revisited and likely raised to P1. (3) Risk evaluation is focused on this enterprise’s push-service environment as represented in the current graph; changes in deployment topology or data classification could alter scores.']",0.88
CVE-2026-27903,36.7,P2,High,"['Score breakdown (0–10 per dimension): S_cvss=8.7, S_exp=9, S_crit=9, S_exploit=1, S_blast=9 → S_priority=36.7/50.', 'The vulnerability (CVSS 8.7, ""Inefficient Algorithmic Complexity"") affects the npm package `minimatch` (versions 3.1.2 and 4.2.1) which is widely deployed across the push platform, including many production services.', 'High deployment exposure: minimatch with this CVE is present on at least 3 production, internet-facing runtime hosts with confidential data (assets asset-push-001, -002, -003 running push-api, push-registrar, push-legacy-api), plus multiple staging internet-facing hosts and numerous internal prod services, justifying S_exp≈9.', 'High business criticality: key affected services such as `push-api` and `push-registrar` are tagged mission-critical, have high revenue impact, are internet-facing, and set handles_pii=true; `push-gdpr-worker` runs on a regulated-data prod host and processes GDPR deletion requests. This supports S_crit≈9.', 'Large blast radius: the vulnerable package is installed on at least 17 assets across prod/staging/dev, including shared/internal components like `push-shared-common` that are consumed by many services. Service dependency data shows that mission-critical internet-facing APIs (push-api, push-registrar, push-legacy-api, push-campaign-api) depend on multiple other critical/supporting services and storage stacks (e.g., push-infra-storage, push-infra-external-api), leading to S_blast≈9.', 'Exploit likelihood is currently low per threat intel: ThreatSignal for CVE-2026-27903 has epss=0.00036, kevListed=false, publicExploit=false. This yields S_exploit≈1 and is the main factor preventing this from being a P1.', 'Overall contextual judgment: a severe but currently low-likelihood vulnerability in a core npm dependency, present in high-criticality, internet-facing, PII-handling production services with wide service dependency fan-out. This warrants High risk with P2 (aggressive near-term remediation) rather than immediate emergency response, assuming no change in EPSS/KEV/exploit status.']",0.9
CVE-2025-13465,20.2,P3,Medium contextual risk,"['S_cvss (intrinsic severity): 8.2/10 – high-severity prototype pollution vulnerability in npm package lodash 4.17.21.', 'S_exp (deployment exposure): 2/10 – vulnerability present on a single asset (asset-push-019) that is an internal AWS CI tool host (environment=dev, network_exposure=internal, data_classification=internal). No direct internet-facing exposure observed in the graph.', ""S_crit (business criticality): 5/10 – affected service push-deploy-stackman is tagged criticality='supporting', revenue_impact='low', handles_pii=false, but its description shows it is a CloudFormation deployment helper in the CI/CD pipeline for managing push-service AWS stacks, giving it moderate systemic importance despite low direct revenue/PII impact."", 'S_exploit (exploit likelihood): 1/10 – ThreatSignal for CVE-2025-13465 shows EPSS=0.00029 (very low), kevListed=false, publicExploit=false, indicating low near-term exploit probability.', 'S_blast (blast radius): 4/10 – currently affects one package (lodash 4.17.21) on one CI asset hosting one service, with no modeled service dependencies (no upstream/downstream services via DEPENDS_ON). However, compromise of this CI/CD helper could indirectly affect multiple AWS stacks it deploys, so blast radius is above minimal but still limited in the graph.', 'Overall priority score S_priority = 8.2 (cvss) + 2 (exp) + 5 (crit) + 1 (exploit) + 4 (blast) = 20.2 out of 50, mapped to P3 (scheduled remediation) using an assumed scale where 0–20=P4, 20–30=P3, 30–40=P2, >40=P1.', ""Assumptions: No additional assets or services use the vulnerable lodash version beyond what is modeled; CI/CD role increases criticality and blast-radius relative to its 'supporting' tag. If this CI environment has privileged access to production beyond what is modeled, real risk could be higher.""]",0.9
CVE-2026-44240,15.7,P4,Low,"['S_cvss(v) = 8.7/10 — Vulnerability node has cvss: 8.7 with description ""Allocation of Resources Without Limits or Throttling"", indicating intrinsically high technical severity if reachable and exploitable.', 'S_exp(v) ≈ 2/10 — Vulnerable package basic-ftp@5.0.5 (ecosystem: npm, supplier: NodePackageRegistry) is installed only on asset asset-push-019 (hostname: push-deploy-stackman-dev-019.push.internal) which is:\n  • environment: dev\n  • network_exposure: internal\n  • data_classification: internal\n  • kind/tier: ci-tool, supporting\nThis combination implies low external exposure and limited sensitive-data impact, so deployment exposure is low despite high CVSS.', 'S_crit(v) ≈ 2/10 — The affected asset hosts a single service push-deploy-stackman with:\n  • criticality: supporting\n  • revenue_impact: low\n  • handles_pii: false\nThis is a non-customer-facing CI/CD helper for managing AWS stacks for push-service; business and data criticality are low in the modeled environment.', 'S_exploit(v) ≈ 1/10 — Associated ThreatSignal for CVE-2026-44240 shows:\n  • epss: 0.0\n  • kevListed: false\n  • publicExploit: false\nThis indicates no known exploitation in the wild and negligible predicted exploitation likelihood; residual non-zero score (1/10) reflects uncertainty and possibility of future exploit development.', 'S_blast(v) ≈ 2/10 — Graph shows one affected asset and one hosted service, with:\n  • no downstream services: (push-deploy-stackman)-[:DEPENDS_ON]->() returned none\n  • no upstream dependencies: ()-[:DEPENDS_ON]->(push-deploy-stackman) returned none\nNo modeled service dependencies mean a compromise would be largely confined to this dev CI helper. Blast radius within the enterprise graph is therefore small.', 'Assumptions & scope — Assessment is limited to graph evidence: one dev, internally exposed CI-tool asset running basic-ftp. No other installations or external exposures are modeled. Under these assumptions, a high-CVSS issue is materially de-risked by low exposure, low business criticality, very low exploit likelihood, and minimal blast radius.', 'Score summary —\n  • S_cvss(v): 8.7\n  • S_exp(v): 2.0\n  • S_crit(v): 2.0\n  • S_exploit(v): 1.0\n  • S_blast(v): 2.0\n  ⇒ S_priority(v) = 8.7 + 2.0 + 2.0 + 1.0 + 2.0 = 15.7/50\nMapped to contextual priority: P4 (backlog/monitor) for this environment.']",0.9
CVE-2026-6357,14.1,P4,Low,"['Score breakdown (0–10 each, higher=worse): S_cvss=7.1 (intrinsic severity), S_exp=2 (deployment exposure), S_crit=2 (business criticality), S_exploit=1 (exploit likelihood), S_blast=2 (blast radius). Total S_priority = 14.1 / 50.', 'Intrinsic severity: CVSS 7.1 indicates a technically serious arbitrary code injection vulnerability (S_cvss=7.1).', ""Deployment exposure: Vulnerable package pip 24.0 is installed only on asset 'asset-push-021' (hostname 'push-build-deps-dev-dev-021.push.internal'), which is an internal, non-internet-facing dev asset (environment='dev', network_exposure='internal', data_classification='internal', tier='supporting'). This significantly limits real-world exposure (S_exp=2)."", ""Business criticality: The affected service 'push-build-deps-dev' is documented as top-level Python dev requirements for linters/testing/build helpers and is explicitly marked 'Not deployed', with criticality='supporting', revenue_impact='low', handles_pii=false. This implies low direct business/revenue and PII impact (S_crit=2)."", 'Exploit likelihood: Threat intelligence for this CVE shows epss=0.00016 (very low exploit probability), kevListed=false, publicExploit=false. There is currently no signal of active exploitation or weaponized public exploit (S_exploit=1).', 'Blast radius: Only a single dev asset and a single supporting dev-only service are affected, with no upstream or downstream service dependencies (no :DEPENDS_ON edges). Compromise would be largely contained to this build-deps/dev tooling context (S_blast=2).', 'Overall assessment: Despite a high CVSS, the combination of dev-only, internal, low-criticality service, no PII, no internet exposure, and very low exploit intelligence leads to a low contextual risk. Monitoring and addressing during routine dev/tooling updates is appropriate; immediate emergency remediation is not justified given current evidence.']",0.9
CVE-2024-56201,15.8,P4,Low,"['Contextual scoring: S_cvss=8.8 (intrinsic severity), S_exp=2 (dev, internal-only asset), S_crit=2 (supporting, non-PII, low revenue service), S_exploit=1 (low EPSS, no KEV, no public exploit), S_blast=2 (single dev asset, no dependent services) → S_priority ≈ 15.8/50.', 'High intrinsic severity (CVSS 8.8) for an Improper Neutralization vulnerability in pip package jinja2 v3.1.3 (supplier: PythonPackageIndex), indicating that if reached, impact could be significant.', ""Vulnerable package is installed only on asset 'asset-push-021' (kind: pip-dev-requirements) in environment 'dev', with 'internal' network exposure and 'internal' data classification, which substantially limits real-world exposure."", ""Asset hosts service 'push-build-deps-dev', described as top-level Python dev requirements for linters/testing/build helpers and explicitly marked 'Not deployed', with service criticality 'supporting', revenue_impact 'low', and handles_pii=false — business impact of compromise is low."", 'Threat intelligence is weak: EPSS=0.00423, kevListed=false, publicExploit=false for CVE-2024-56201, suggesting low near-term exploit likelihood under current conditions.', ""Blast radius is limited: only one internal dev asset is affected, the hosted service has no recorded :DEPENDS_ON downstream services, and the asset tier is 'supporting', so compromise is unlikely to cascade into critical production systems."", 'Assessment assumes the graph fully reflects all installations of jinja2 3.1.3; if the package is later found on internet-exposed or production assets, S_exp, S_crit, and S_blast — and thus priority — would need to be revised upward.']",0.9
CVE-2023-25345,17.5,P4,Low,"['Score breakdown (0–10 per dimension, max 50 overall): S_cvss=7.5, S_exp=3, S_crit=3, S_exploit=1, S_blast=3 → S_priority=17.5/50.', ""Vulnerability context: CVE-2023-25345 is modeled as a Vulnerability node with cvss=7.5 and description='Arbitrary File Read', affecting npm package 'swig-templates' version 2.0.3 (ecosystem='npm', supplier='NodePackageRegistry')."", ""Deployment exposure (S_exp=3/10): The vulnerable package is installed on a single Asset 'asset-push-019' (kind='ci-tool', cloud_provider='aws', environment='dev', network_exposure='internal', data_classification='internal', tier='supporting'). Non‑internet‑exposed, dev, internal data → low-to-moderate exposure scored at 3/10."", ""Business criticality (S_crit=3/10): The affected Service 'push-deploy-stackman' hosted on this asset has criticality='supporting', revenue_impact='low', handles_pii=false and acts as a CloudFormation deployment helper in the CI/CD pipeline for push-service AWS stacks. Given supporting role, low revenue impact, no PII, and dev environment, business criticality is low (3/10)."", 'Exploit likelihood (S_exploit=1/10): ThreatSignal for this CVE has epss=0.00433, kevListed=false, publicExploit=false. This low EPSS (<0.01) with no KEV listing and no public exploit maps to a very low exploit-likelihood score of 1/10.', 'Blast radius (S_blast=3/10): Only one dev CI asset is affected, hosting a single supporting service with no modeled downstream Service dependencies (DEPENDS_ON edges = []). This constrains the modeled blast radius. Some additional concern exists because it is CI tooling that manages AWS stacks, but within a dev, internally classified context; overall blast radius is kept low at 3/10.', ""Assumptions and confidence: Assessment assumes this dev CI environment primarily manages non‑production stacks, consistent with Asset.environment='dev' and data_classification='internal'. If this tooling has credentials or roles that can materially impact production accounts, S_crit and S_blast would need to be revisited upward. Given the explicit asset, service, and threat-signal data, confidence in this low-priority rating is moderately high.""]",0.8
CVE-2026-24049,14.7,P4,Low,"[""Vulnerability details: Directory Traversal in Python package 'wheel' 0.43.0 with CVSS 7.7 (inherently high severity at the component level)."", ""Deployment context: Observed only in a single dev asset (asset-push-021) in AWS with environment='dev', network_exposure='internal', data_classification='internal', tier='supporting'."", ""Business criticality: The affected service 'push-build-deps-dev' is explicitly described as dev-only build/test helpers, not deployed to production, marked as criticality='supporting', revenue_impact='low', handles_pii=false."", 'Exploit likelihood: ThreatSignal node shows very low EPSS (0.00013), kevListed=false, publicExploit=false, indicating low near-term exploitation probability.', 'Blast radius: Only one internal dev asset and one supporting dev service involved, with no upstream or downstream service dependencies, limiting potential impact to localized dev tooling disruption.']",0.9
CVE-2020-7660,34.1,P2,High,"['Score breakdown: S_cvss=8.1, S_exp=6.5, S_crit=8.5, S_exploit=3.0, S_blast=8.0 (all on 0–10 scale; total S_priority=34.1/50).', ""Graph evidence – vulnerability & package: CVE-2020-7660 node has cvss=8.1 and description 'Arbitrary Code Injection'. It exists in npm package 'serialize-javascript' version 6.0.0 (Package ecosystem=npm, supplier=NodePackageRegistry)."", 'Deployment exposure (S_exp≈6.5): The vulnerable package is installed on two assets: (1) asset-push-016 (environment=prod, network_exposure=internal, data_classification=internal, tier=supporting, kind=npm-internal-library); (2) asset-push-018 (environment=dev, network_exposure=internal, data_classification=internal, kind=developer-cli). No directly internet-exposed asset is linked to this CVE, but one affected prod asset underpins production services, so overall exposure is moderate, not low.', ""Business criticality (S_crit≈8.5): The vulnerable package supports two services it is directly hosted with: 'push-shared-configs' (prod, criticality=supporting, revenue_impact=low, handles_pii=false) and 'push-cli-tool' (dev, supporting, revenue_impact=low, handles_pii=false). Critically, 'push-shared-configs' is a dependency for three higher-value services: 'push-api' (criticality=mission-critical, revenue_impact=high, handles_pii=true, description explicitly notes it is production-critical and internet-facing, processing device registration data), 'push-campaign-api' (criticality=important, revenue_impact=medium, handles_pii=true), and 'push-admin' (criticality=critical, revenue_impact=low, handles_pii=false, internal-only). This makes the configuration library a choke point for multiple business- and PII-critical services, driving business criticality high despite the library itself being classified as supporting."", 'Exploit likelihood (S_exploit≈3.0): ThreatSignal attached to CVE-2020-7660 shows epss=0.02901 (≈2.9%), kevListed=false, publicExploit=false. This indicates relatively low current exploitation in the wild and no inclusion in KEV or known public exploit tooling, so exploit likelihood is assessed as low-to-moderate rather than high.', ""Blast radius (S_blast≈8.0): The CVE affects at least two assets (one prod, one dev). More importantly, the prod service 'push-shared-configs' that uses the vulnerable package is a dependency of three services including 'push-api', which is an internet-facing, mission-critical, high-revenue, PII-handling API, plus 'push-campaign-api' and 'push-admin'. Compromise of the shared-configs component could therefore impact configuration integrity or behavior across the entire push-service platform, with potential effects on customer-facing notification delivery and PII handling. This transitive dependency pattern yields a large potential blast radius even though the directly affected hosts are internally exposed."", 'CVSS / intrinsic severity (S_cvss=8.1): The vulnerability is modeled with cvss=8.1 in the graph, consistent with a high-severity arbitrary code injection issue in a JavaScript serialization library. This reflects a high impact and typically network-reachable attack surface in applications that use this library unsafely.', ""Key assumptions: (1) The graph’s linkage of CVE-2020-7660 to serialize-javascript@6.0.0 is treated as accurate, even though external advisories may target specific older versions; (2) 'push-api' and 'push-campaign-api' actually invoke code paths in 'push-shared-configs' that rely on serialize-javascript in ways that could be attacker-controlled (not explicitly modeled in the graph); (3) Internal-only network exposure on the hosting assets limits direct remote access, but the internet-facing nature and PII handling of dependent services still make a compromise of shared configuration a high-impact event if the vulnerability is reachable via application flows.""]",0.8
CVE-2026-31958,13.7,P4,Low,"['Dimension scores (0–10 each): S_cvss=8.7, S_exp=2.0, S_crit=1.5, S_exploit=0.5, S_blast=1.0 ⇒ S_priority=13.7/50.', 'Vulnerability context: CVE-2026-31958 on pip package tornado 6.4 (cvss=8.7, Allocation of Resources Without Limits or Throttling – primarily availability impact).', 'Deployment exposure (S_exp≈2.0): Observed only on asset asset-push-021 in AWS dev environment; asset network_exposure=""internal"" and data_classification=""internal"". No indication of Internet-facing access; exposure limited to internal/dev users.', 'Business criticality (S_crit≈1.5): Asset tier=""supporting"" and hosted service push-build-deps-dev has criticality=""supporting"", revenue_impact=""low"", handles_pii=false, and is documented as ""Top-level Python dev requirements... Not deployed."" Business/customer impact from exploitation is minimal and mostly limited to developer productivity or CI noise.', 'Exploit likelihood (S_exploit≈0.5): ThreatSignal shows epss=0.00027 (very low), kevListed=false, publicExploit=false, indicating currently low probability of real-world exploitation pressure.', 'Blast radius (S_blast≈1.0): Only a single dev asset and a single non-customer-facing, non-transitively-dependent service identified; no downstream Service dependencies, so impact is localized with no cascading effects across production or revenue-generating systems.', 'Priority interpretation: Using a 0–50 scale where P1≥40, P2=30–39.9, P3=20–29.9, P4<20, this dev-only, internally exposed, low-likelihood vuln with limited blast radius falls into P4 (monitor/backlog rather than urgent remediation).']",0.9
CVE-2024-52804,12.0,P4,Low,"[""S_cvss (Vulnerability Severity): 7.5/10 — Graph shows CVSS 7.5 with description 'Regular Expression Denial of Service (ReDoS)' on package tornado 6.4 (pip). Impact is availability-only (ReDoS), not code execution or data breach."", ""S_exp (Deployment Exposure): 1.0/10 — tornado 6.4 is installed only on asset 'asset-push-021' (hostname push-build-deps-dev-dev-021.push.internal), which is an AWS dev environment host with network_exposure='internal' and data_classification='internal'. No internet-facing or production deployment; service description explicitly says 'Not deployed.'"", ""S_crit (Business Criticality): 1.5/10 — The affected service 'push-build-deps-dev' is marked criticality='supporting', revenue_impact='low', handles_pii=false, and is documented as top-level Python dev requirements (linters/testing/build helpers). This is supporting dev tooling with negligible direct business or revenue impact and no PII."", 'S_exploit (Exploit Likelihood): 1.0/10 — ThreatSignal node for CVE-2024-52804 shows epss=0.00148 (very low), kevListed=false, publicExploit=false. Current threat intelligence indicates low likelihood of exploitation in the wild.', ""S_blast (Blast Radius): 1.0/10 — Only a single dev asset is linked via (Vulnerability)-[:EXISTS_IN]->(Package 'tornado')->[:INSTALLED_ON]->(Asset 'asset-push-021'). That asset hosts a single non-deployed dev service 'push-build-deps-dev'. Dependency analysis shows no upstream or downstream Service [:DEPENDS_ON] relationships, so compromise would be confined to one internal dev host and one isolated dev service."", 'Contextual conclusion: Although the intrinsic CVSS is relatively high due to a DoS condition (7.5), the real-world enterprise risk is substantially reduced by the dev-only, internal, non-PII, low-criticality context and tiny blast radius. Composite score S_priority = 7.5 (cvss) + 1.0 (exp) + 1.5 (crit) + 1.0 (exploit) + 1.0 (blast) = 12.0/50, mapped to Low risk and Priority P4 (backlog/monitor) in this environment.']",0.85
CVE-2025-62727,16.7,P4,Low,"[""Intrinsic severity (S_cvss=8.7/10): CVE-2025-62727 is modeled as a Regular Expression Denial of Service (ReDoS) in the Python package 'starlette' v0.37.2 with CVSS 8.7 in the graph, indicating a technically serious DoS-focused issue."", ""Deployment exposure (S_exp≈2/10): In the enterprise graph this vulnerability appears only via package 'starlette' on a single asset 'asset-push-021' (environment=dev, network_exposure=internal, data_classification=internal, tier=supporting), implying non‑internet‑facing, dev‑only, internal data exposure."", 'Business criticality (S_crit≈2/10): The affected service \'push-build-deps-dev\' hosted on this asset is tagged criticality=\'supporting\', revenue_impact=\'low\', handles_pii=false, and described as a dev requirements helper that is ""Not deployed"" to production, so direct business/revenue impact from a DoS is limited.', 'Exploit likelihood (S_exploit≈2/10): Associated ThreatSignal shows epss=0.00398, kevListed=false, publicExploit=false, which corresponds to a very low near-term probability of exploitation in the wild despite the high CVSS base score.', 'Blast radius (S_blast≈2/10): The graph shows one affected asset and a single supporting dev service, with no higher-tier or customer-facing services linked from this node in the available data; this constrains the observable blast radius primarily to developer tooling rather than production workloads.', 'Score breakdown and interpretation: S_cvss=8.7, S_exp=2, S_crit=2, S_exploit=2, S_blast=2 → S_priority≈16.7/50. High intrinsic technical severity is substantially moderated by dev-only, internal, low-criticality deployment and low exploit likelihood, leading to a low contextual risk that fits backlog/monitor remediation rather than urgent action, assuming the graph is complete for this package.', ""Key assumption: The assessment assumes the knowledge graph accurately captures all installations of vulnerable 'starlette' versions; if additional prod or internet-facing services using this package exist outside the modeled environment, both blast radius and deployment exposure would be underestimated and the true priority could be higher.""]",0.7
CVE-2026-41324,16.7,P4,Low,"['Score breakdown (0–10 each): S_cvss=8.7, S_exp=3, S_crit=2, S_exploit=1, S_blast=2  → S_priority ≈ 16.7 / 50.', 'Intrinsic severity (S_cvss=8.7/10): Vulnerability node shows CVSS 8.7 with description ""Allocation of Resources Without Limits or Throttling"", indicating a high-severity resource exhaustion / DoS-style issue in the affected component.', 'Deployment exposure (S_exp≈3/10): Vulnerable package basic-ftp 5.0.5 (npm) is installed only on Asset asset-push-019 (hostname push-deploy-stackman-dev-019.push.internal), which is:\n- environment: dev\n- network_exposure: internal\n- data_classification: internal\n- kind: ci-tool, tier: supporting\nThis points to limited exposure (internal CI in dev, not internet-facing, no sensitive data), hence a low–moderate exposure score.', 'Business criticality (S_crit≈2/10): The affected Service push-deploy-stackman hosted on this asset has:\n- criticality: supporting\n- revenue_impact: low\n- handles_pii: false\nImpact is mainly on CI/CD convenience for push-service stacks, with low direct revenue or PII risk, so business criticality is low.', 'Exploit likelihood (S_exploit≈1/10): ThreatSignal for CVE-2026-41324 shows:\n- epss: 0.00055 (very low predicted exploitation probability)\n- kevListed: false (not in KEV)\n- publicExploit: false (no known public exploit in this dataset)\nCombined, this yields a very low exploit-likelihood score.', 'Blast radius (S_blast≈2/10): Graph shows a single affected asset (asset-push-019) hosting a single service (push-deploy-stackman) with:\n- no outgoing DEPENDS_ON relationships\n- no incoming DEPENDS_ON relationships\nSo compromise is localized to one dev CI tool with no modeled dependent production or customer-facing services, resulting in a small blast radius.', 'Resulting priority: Despite high intrinsic severity, low exposure (dev/internal), low business criticality, very low exploit likelihood, and minimal blast radius produce a low contextual risk (16.7/50). This aligns with a P4 (backlog/monitor) priority: remediate as part of normal backlog work and monitor for changes in EPSS, KEV listing, internet exposure, or new dependencies involving this CI service.']",0.87
CVE-2026-32597,15.7,P4,Low,"['Score breakdown (0–10 each): S_cvss=8.7 (high intrinsic severity – Improper Verification of Cryptographic Signature), S_exp=2 (asset is internal-only, environment=dev, data_classification=internal, network_exposure=internal), S_crit=2 (service criticality=supporting, revenue_impact=low, handles_pii=false), S_exploit=1 (ThreatSignal.epss=0.00013, kevListed=false, publicExploit=false), S_blast=2 (single dev asset and supporting test-dependency service, no dependent services).', 'Context from graph: CVE-2026-32597 exists in Package pyjwt 2.8.0 (ecosystem=pip, supplier=PythonPackageIndex, spdx_id=SPDXRef-pyjwt-2-8-0). This package is installed on Asset asset-push-023 (hostname=push-cli-test-deps-dev-023.push.internal, cloud_provider=aws, environment=dev, network_exposure=internal, data_classification=internal, tier=supporting, kind=pip-test-requirements, owner_team=push-platform-team). The asset hosts Service push-cli-test-deps, described as “Python dependencies for the operator CLI integration tests,” with criticality=supporting, revenue_impact=low, handles_pii=false, and no outgoing DEPENDS_ON relationships (no downstream services).', 'Threat intelligence from graph: A ThreatSignal node linked to CVE-2026-32597 reports epss=0.00013, kevListed=false, publicExploit=false. This indicates extremely low modeled exploit probability, not currently in CISA KEV, and no known public exploit, substantially reducing near-term exploit likelihood despite the high CVSS score.', 'Risk interpretation: In this environment the vulnerability affects only a dev, internal, supporting test-dependency service with no PII and low revenue impact, and with no modeled exploitation in the wild. The blast radius is limited to a single dev asset and non-critical service. As a result, the contextual enterprise risk is low, and this instance can be treated as low-priority technical debt to address during routine dependency updates, while monitoring for any change in deployment (e.g., pyjwt 2.8.0 moving into prod or internet-facing services) or new threat intelligence (KEV listing or public exploit release).']",0.88
CVE-2024-56326,15.1,P4,Low,"['Contextual score breakdown — S_cvss(v)=8.1/10 (from Vulnerability.cvss=8.1); S_exp(v)=2/10 (dev-only, internal asset); S_crit(v)=2/10 (supporting, low-revenue, no PII service); S_exploit(v)=1/10 (very low EPSS, no KEV/public exploit); S_blast(v)=2/10 (single low-criticality asset/service, no dependencies). Aggregate S_priority(v)=15.1/50.', ""Vulnerability details: Graph node (:Vulnerability {name: 'CVE-2024-56326', description: 'Template Injection', cvss: 8.1}) indicates an intrinsically high-severity template-injection issue, so intrinsic severity is high even before context is applied."", ""Deployment exposure (S_exp): Vulnerability exists in (:Package {name: 'jinja2', version: '3.1.3', ecosystem: 'pip'}) connected via (Vulnerability)-[:EXISTS_IN]->(Package). That package is installed only on one asset (:Asset {name: 'asset-push-021', environment: 'dev', network_exposure: 'internal', data_classification: 'internal', tier: 'supporting', kind: 'pip-dev-requirements', cloud_provider: 'aws'}). No Internet-facing or production deployments are observed, so exposure is low but non-zero (score ≈2/10)."", ""Business criticality (S_crit): The affected asset hosts a single service (:Service {name: 'push-build-deps-dev', criticality: 'supporting', revenue_impact: 'low', handles_pii: false, description: 'Top-level Python dev requirements (linters, testing tools, build helpers). Not deployed.'}) via (Asset)-[:HOSTS]->(Service). This is a dev-only, non-deployed, supporting service with low revenue impact and no PII, so business criticality impact is low (≈2/10)."", ""Exploit likelihood (S_exploit): Threat intelligence from (:ThreatSignal {cve: 'CVE-2024-56326', epss: 0.0042, kevListed: false, publicExploit: false}) connected via (Vulnerability)-[:HAS]->(ThreatSignal) shows EPSS ≈0.42% with no KEV listing and no known public exploit. This indicates very low near-term exploitation likelihood in the wild (≈1/10)."", 'Blast radius (S_blast): The graph shows a single affected asset and a single supporting dev service, with no downstream services via [:DEPENDS_ON] (deps=[] in the query). There is no indication of lateral service dependencies or higher-tier services relying on this one. Given the dev, internal, single-host context, blast radius is limited (≈2/10).', 'Overall contextual judgment: Despite a high intrinsic CVSS (template injection in Jinja2), the enterprise context confines this instance to an internal, dev-only, low-criticality build-dependency service with low exploit likelihood and minimal service dependencies. Under these conditions, the real-world enterprise risk is low, and the vulnerability is best handled as P4 (backlog/monitor) and remediated in normal dependency-upgrade cycles rather than as an urgent fix, assuming the graph accurately reflects all deployments.', 'Assumptions and confidence: Assessment assumes the knowledge graph has complete coverage for deployments of jinja2 3.1.3 and that no additional production or Internet-exposed assets using this vulnerable package exist outside the graph. Given clear graph evidence but possible external blind spots, confidence in this risk rating is moderately high.']",0.8
CVE-2025-27516,15.8,P4,Low,"['Score breakdown by dimension (0–10 each): S_cvss=8.8 (high intrinsic severity: template injection in jinja2 3.1.3), S_exp=2 (low deployment exposure), S_crit=2 (low business criticality), S_exploit=1 (very low exploit likelihood), S_blast=2 (small blast radius) → S_priority=15.8/50.', ""Severity (S_cvss=8.8): Graph node Vulnerability{name: 'CVE-2025-27516', description: 'Template Injection', cvss: 8.8} indicates a high-severity template-injection flaw in the pip package 'jinja2' (version 3.1.3), which is widely used for templating and could enable serious impact where reachable."", ""Deployment exposure (S_exp=2): The vulnerable package jinja2@3.1.3 is INSTALLED_ON a single Asset{name: 'asset-push-021', environment: 'dev', network_exposure: 'internal', data_classification: 'internal', tier: 'supporting', kind: 'pip-dev-requirements'}; this is an internal, non-internet-facing dev asset with internal data classification, which materially lowers likelihood of direct attack paths."", ""Business criticality (S_crit=2): That asset HOSTS Service{name: 'push-build-deps-dev', criticality: 'supporting', revenue_impact: 'low', handles_pii: false, description: 'Top-level Python dev requirements ... Not deployed.'}; this is a supporting, non-PII, low-revenue-impact dev/build service that is explicitly not deployed to production, so compromise would have limited direct business impact in current graph context."", 'Exploit likelihood (S_exploit=1): ThreatSignal for this vulnerability shows epss=0.00121, kevListed=false, publicExploit=false, indicating very low near-term exploitation probability (not on KEV, no known public exploit, and extremely low EPSS), so we assign a minimal but non-zero exploit-likelihood score.', ""Blast radius (S_blast=2): The vulnerability affects one dev asset and one supporting dev service; dependency analysis (DEPENDS_ON edges) shows no downstream or upstream services depending on 'push-build-deps-dev', so compromise would be largely contained to this isolated dev/build context, yielding a small blast radius score."", 'Contextual conclusion: Despite high intrinsic severity in jinja2, in this environment CVE-2025-27516 is confined to a single internal dev build-dependency host and a non-deployed supporting service, with very low exploit intel signals and no modeled critical dependencies; overall contextual risk is Low, appropriate for P4 (backlog/monitor) and remediation during routine dependency hygiene rather than immediate emergency action.']",0.85
CVE-2024-47874,15.2,P4,Low,"['Score breakdown (0–10 per dimension, max 50 total): S_cvss=8.7, S_exp=2, S_crit=2, S_exploit=0.5, S_blast=2 ⇒ S_priority=15.2/50.', 'Vulnerability severity (S_cvss=8.7): Graph shows CVSS 8.7 for CVE-2024-47874 (Allocation of Resources Without Limits or Throttling), indicating a high-severity resource exhaustion/DoS issue intrinsically.', 'Deployment exposure (S_exp=2): Vulnerable package starlette 0.37.2 is installed only on a single asset (asset-push-021) with network_exposure=""internal"", environment=""dev"", data_classification=""internal"" and kind=""pip-dev-requirements""—a non-internet-exposed dev build/deps host, giving low real-world exposure.', 'Business criticality (S_crit=2): The hosted service push-build-deps-dev on this asset has criticality=""supporting"", revenue_impact=""low"", handles_pii=false, and is documented as ""Top-level Python dev requirements … Not deployed."" The asset tier is also ""supporting"". This points to low business impact if the vulnerability were abused.', 'Exploit likelihood (S_exploit=0.5): ThreatSignal for CVE-2024-47874 shows epss=0.00125 (very low), kevListed=false, and publicExploit=false, indicating minimal current attacker focus or known weaponization despite the high CVSS score.', 'Blast radius (S_blast=2): The vulnerability is tied to one Package node (starlette 0.37.2) and one Asset and one supporting dev Service, with no dependent services found via DEPENDS_ON edges. Impact is therefore confined to a single internal dev build/dependency environment, with no modeled production or PII-bearing services at risk.', 'Assumptions/limitations: Assessment assumes the knowledge graph fully represents where starlette 0.37.2 is deployed and that the absence of additional INSTALLED_ON or DEPENDS_ON relationships means no further production or higher-criticality exposure exists.']",0.88
CVE-2025-47273,17.8,P3,Medium,"[""Severity (S_cvss): Vulnerability node for CVE-2025-47273 has cvss=8.8 and description='Directory Traversal', indicating a high-impact flaw on a 0–10 scale -> S_cvss=8.8/10."", ""Deployment exposure (S_exp): The vulnerable setuptools packages (versions 40.5.0 and 69.5.1, ecosystem='pip') are installed only on two AWS assets (asset-push-021, asset-push-022) with environment='dev', network_exposure='internal', data_classification='internal', tier='supporting'. No internet-facing exposure is modeled -> S_exp≈2/10."", ""Business criticality (S_crit): The affected services are 'push-build-deps-jenkins' and 'push-build-deps-dev', both with criticality='supporting', revenue_impact='low', handles_pii=false. Descriptions show they are dev/CI tooling (Python dev requirements and Jenkins build dependencies) and not directly customer-facing or PII-handling services -> S_crit≈3/10."", 'Exploit likelihood (S_exploit): ThreatSignal attached to this vulnerability shows epss=0.00487, kevListed=false, publicExploit=false, which indicates very low observed exploitation probability and no KEV/public exploit signal -> S_exploit≈1/10.', ""Blast radius (S_blast): Only 2 dev assets are affected, each hosting a single supporting service. Graph analysis shows no Service-[:DEPENDS_ON]->Service edges to or from these services, so there are no modeled downstream dependencies. While 'push-build-deps-jenkins' participates in a pipeline that ships 'push-service' to AWS (per description), this supply-chain adjacency is not represented as additional graph dependencies, so modeled blast radius remains limited to build/dev tooling -> S_blast≈3/10."", 'Overall contextual risk: Combined score S_priority = 8.8 (cvss) + 2 (exp) + 3 (crit) + 1 (exploit) + 3 (blast) ≈ 17.8/50. This supports a Medium contextual risk and a P3 (scheduled remediation) priority: remediation is recommended as part of routine work on dev/CI environments, but it does not warrant immediate emergency response given current exposure and threat intelligence.', ""Assumptions and data gaps: Assessment assumes (1) there are no additional assets or services with this vulnerability beyond those modeled, (2) the 'dev' and 'internal' classifications accurately reflect real deployment and network exposure, and (3) no unmodeled external integrations significantly extend the blast radius. Confidence is moderately high because key properties (environment, exposure, service criticality, EPSS/KEV/exploit flags) are explicitly present in the graph.""]",0.8
CVE-2025-5889,28.6,P2,High,"['Intrinsic severity S_cvss = 3.1/10 (low): The Vulnerability node for CVE-2025-5889 has cvss=3.1 and description ""Regular Expression Denial of Service (ReDoS)"", indicating primarily availability impact with limited direct confidentiality/integrity damage.', 'Deployment exposure S_exp ≈ 8/10: The CVE exists in the npm package `brace-expansion` (version 1.1.11), which is installed on 18 assets. These include 3 production and 3 staging internet-facing hosts (`push-api`, `push-registrar`, `push-legacy-api`) plus 1 production partner-network host (`push-campaign-api`); remaining instances are internal prod/staging/dev workers and tools. This gives attackers multiple externally reachable paths into vulnerable code, especially in production.', 'Business criticality S_crit ≈ 9/10: Affected services include mission-critical, high-revenue, PII-handling APIs `push-api` and `push-registrar` (internet-facing, prod), as well as GDPR-related `push-gdpr-worker` (prod, regulated data) and other critical/important components (`push-legacy-api`, `push-admin`, `push-legacy-worker`, `push-queue-worker`). Availability loss in these services would materially impact push delivery, customer-facing functionality, and regulatory obligations.', 'Exploit likelihood S_exploit ≈ 1/10: The ThreatSignal node linked via :HAS shows epss=0.00092, kevListed=false, publicExploit=false for CVE-2025-5889. This combination suggests currently low probability of widespread exploitation despite broad deployment, so likelihood is scored near the minimum.', 'Blast radius S_blast ≈ 7.5/10: The vulnerable package is present on 11 production, 5 staging, and 2 dev assets spanning core APIs, workers, and shared ""supporting"" services (`push-shared-common`, `push-shared-configs`, CLI and deploy tools). The service graph shows many services depend on `push-shared-common`/`push-shared-configs` and on each other (e.g., `push-api` → `push-registrar`/`push-admin`/shared libs, `push-campaign-api` → `push-queue-worker`/shared libs). While each exploit instance is local, the footprint across almost the entire push stack means the aggregate operational blast radius is large.', 'Overall contextual score and priority: Using component scores S_cvss=3.1, S_exp≈8, S_crit≈9, S_exploit≈1, S_blast≈7.5 yields S_priority ≈ 28.6/50. Under a mapping where P1≥37.5, P2∈[25,37.5), P3∈[12.5,25), P4<12.5, this places CVE-2025-5889 at High contextual risk with a P2 (near-term remediation) priority—below emergency level due to low exploitability, but elevated by high exposure and business criticality.', 'Key assumptions: (1) All services on assets where `brace-expansion` is installed are treated as potentially reachable paths to the vulnerable regex functionality; code-level usage is not modeled in the graph. (2) No mitigating controls such as WAF rules, strict rate limiting, or regex sandboxing are encoded in the graph, so they are not factored into exposure. (3) Risk level and priority thresholds follow an internal scheme (P1≥37.5, P2≥25, P3≥12.5) for a maximum possible score of 50. Adjustments may be needed if your organization uses different cutoffs.']",0.9
CVE-2026-1703,9.0,P4,Low,"['Score breakdown (0–10 per dimension, higher = worse): S_cvss = 3.9, S_exp = 2.0, S_crit = 2.0, S_exploit = 0.1, S_blast = 1.0. Aggregate S_priority = 9.0 / 50.', ""Intrinsic severity (S_cvss = 3.9): Vulnerability node for CVE-2026-1703 is described as a 'Directory Traversal' issue with CVSS 3.9, which falls in the low technical severity band in isolation."", ""Deployment exposure (S_exp = 2.0): The affected package node is 'pip' 24.0 (ecosystem: pip) installed on a single asset 'asset-push-021' (hostname 'push-build-deps-dev-dev-021.push.internal'). That asset is AWS-hosted, 'environment: dev', 'network_exposure: internal', 'data_classification: internal', and tiered as 'supporting', indicating an internal, non–internet-exposed dev system with limited exposure to untrusted users."", ""Business criticality (S_crit = 2.0): The only associated service is 'push-build-deps-dev', described as 'Top-level Python dev requirements (linters, testing tools, build helpers). Not deployed.', with properties 'criticality: supporting', 'revenue_impact: low', and 'handles_pii: false'. This is non-production build tooling, not a live customer- or revenue-facing workload, so direct business impact from compromise is low."", 'Exploit likelihood (S_exploit = 0.1): The ThreatSignal linked to this vulnerability has epss = 0.00026, kevListed = false, and publicExploit = false. This combination indicates very low predicted exploitation probability and no evidence of active exploitation or widely available weaponized code at this time.', ""Blast radius (S_blast = 1.0): The graph shows a single package instance ('pip' 24.0) on one dev asset hosting one supporting dev service, with no Service->Service dependencies emanating from that service. There is no evidence of broader production deployment or critical downstream dependencies, so any compromise would be contained to a narrow dev/build context."", 'Overall contextual judgment: Because this is a low-CVSS directory traversal in a dev-only, internally exposed build/dependency service with low EPSS and no KEV/public exploit, the real-world enterprise risk is low, suitable for backlog/monitoring rather than urgent remediation.']",0.86
CVE-2024-45813,34.9,P2,"High contextual risk – S_cvss=6.9, S_exp=9, S_crit=9, S_exploit=2, S_blast=8 (scale 0–10 each)","[""Intrinsic severity (S_cvss=6.9/10): CVE-2024-45813 is a Regular Expression Denial of Service (ReDoS) in the npm router package 'find-my-way' 2.2.5. Successful exploitation lets a remote client trigger CPU-intensive regex processing and deny service on affected Node.js HTTP services, but does not provide code execution or direct data exfiltration."", ""Deployment exposure (S_exp=9/10): The vulnerable package is installed on multiple AWS runtime-host assets that are tagged network_exposure='internet-facing' and environment='prod' with data_classification='confidential', specifically hosting the push-api, push-registrar, and push-legacy-api services. These are externally reachable HTTP entrypoints, so an unauthenticated attacker on the Internet can reach vulnerable request paths and attempt ReDoS."", ""Business criticality (S_crit=9/10): Key affected services are labeled critical/mission-critical with high revenue impact and PII handling. push-api and push-registrar are 'mission-critical', revenue_impact='high', handles_pii=true and form the main push notification and device registration interfaces; push-gdpr-worker (on a prod internal host with data_classification='regulated' and tier='critical') processes GDPR deletion requests, so outages have both customer-impact and regulatory/compliance implications."", 'Exploit likelihood (S_exploit=2/10): The linked ThreatSignal node for CVE-2024-45813 reports epss=0.00076, kevListed=false, publicExploit=false, indicating very low observed exploitation in the wild and no KEV or public PoC at this time. ReDoS attacks are technically simple once a vulnerable route is known, so targeted exploitation remains possible, but broad opportunistic exploitation pressure is currently low; this keeps S_exploit near the bottom of the scale.', 'Blast radius (S_blast=8/10): The vulnerability appears on 13 assets (9 prod, 4 staging), including internet-facing APIs and multiple internal workers plus the shared npm-internal-library asset hosting push-shared-common. Dependency edges show that affected services (e.g., push-api, push-registrar, push-legacy-api, push-gdpr-worker) depend on shared libraries and on push-infra-storage, which holds device/client data and is marked critical with high revenue_impact and handles_pii=true. A sustained ReDoS against the internet-facing APIs could effectively take down or severely degrade the entire push notification platform, impacting multiple dependent services even if they are not directly reachable from the Internet.']",0.9
CVE-2024-43799,31.5,P2,High,"['Score breakdown (0–10 each): S_cvss = 5.0, S_exp = 8.5, S_crit = 9.0, S_exploit = 1.0, S_blast = 8.0 → S_priority = 31.5 / 50.', ""Vulnerability context: CVE-2024-43799 is modeled as a Cross-site Scripting issue with CVSS 5.0 (medium) in npm package 'send' 0.16.2 (ecosystem: npm, supplier: NodePackageRegistry). This suggests a moderate-impact web/application-layer issue rather than full system compromise by itself."", ""Deployment exposure: The vulnerable package is installed on at least 14 assets, including 3 production internet-facing runtime hosts (push-api-prod-001, push-registrar-prod-002, push-legacy-api-prod-003) and their staging counterparts, all marked 'internet-facing' with 'confidential' data in prod and 'mission-critical' or 'critical' tiers. This creates substantial external attack surface despite only medium intrinsic severity."", ""Business criticality: Affected services include mission-critical, high-revenue, PII-processing APIs 'push-api' and 'push-registrar', as well as critical/internal services such as 'push-admin' and the 'push-gdpr-worker' which handles regulated data and GDPR deletion workflows. Compromise could affect user device registration, notification delivery, and regulated data handling, driving S_crit close to the maximum."", 'Exploit likelihood: ThreatSignal for CVE-2024-43799 shows EPSS = 0.00166, kevListed = false, publicExploit = false. This indicates low current likelihood of widespread exploitation, so S_exploit is kept low despite the XSS class of the bug.', ""Blast radius: The vulnerable package underpins a shared internal library service 'push-shared-common', which is explicitly depended on by many services (push-api, push-registrar, push-legacy-api, push-admin, push-legacy-worker, push-queue-worker, push-gdpr-worker, push-status-worker, and others). Service dependency edges (e.g., push-api ↔ push-registrar/push-admin, queue/legacy/status workers) show that a compromise on any exposed node could cascade across much of the push stack, justifying a high S_blast."", 'Overall interpretation: Despite a medium CVSS and low EPSS, the combination of broad deployment on internet-facing production APIs, high business and data criticality (including PII and regulated data), and extensive cross-service dependencies results in a High contextual risk that warrants P2 (near-term) remediation rather than simple backlog treatment.', 'Confidence: 0.85 – High. Assessment is strongly grounded in graph data for assets (environment, exposure, data_classification, tier), services (criticality, revenue_impact, handles_pii), package deployment, and ThreatSignal, though exact exploit preconditions (e.g., authentication requirements, specific routes affected) are not explicitly modeled.']",0.85
CVE-2026-41907,32.3,P2,High,"['Dimension breakdown (0–10 scale each): S_cvss = 6.3, S_exp = 8.0, S_crit = 8.5, S_exploit = 1.0, S_blast = 8.5 → S_priority = 32.3/50.', ""S_cvss – intrinsic severity (6.3/10): Graph stores CVSS 6.3 and description “Improper Validation of Specified Index, Position, or Offset in Input” for CVE-2026-41907 in the npm 'uuid' package (versions 3.4.0, 8.0.0, 9.0.1, 10.0.0), indicating a medium technical severity input-handling flaw rather than a critical remote code execution class issue."", ""S_exp – deployment exposure (8.0/10): The vulnerable 'uuid' versions are installed across at least 12 assets, including prod internet-facing runtime hosts for 'push-api' (asset-push-001) and staging internet-facing 'push-api' (asset-push-010), a prod partner-network host for 'push-campaign-api' (asset-push-004), and multiple prod internal hosts handling confidential or regulated data (e.g., push-gdpr-worker on asset-push-008). This mix of internet-facing, partner-network, and internal-but-sensitive prod systems yields high effective exposure."", ""S_crit – business criticality (8.5/10): Impacted services include mission-critical, high-revenue, PII-handling 'push-api'; 'push-campaign-api' (important, medium revenue, handles PII); 'push-gdpr-worker' (critical, regulated data, handles PII); 'push-shared-access-control' (critical shared access-control service); plus critical/important admin and worker services. The vulnerability is therefore present in services central to revenue and regulatory obligations."", 'S_exploit – likelihood (1.0/10): ThreatSignal for CVE-2026-41907 shows EPSS = 0.00055, kevListed = false, publicExploit = false. This indicates very low current probability of exploitation with no known widespread or automated exploitation, so exploit likelihood is treated as low but non-zero.', ""S_blast – blast radius (8.5/10): The vulnerable 'uuid' dependency is present on at least 8 production assets hosting key services ('push-api', 'push-campaign-api', 'push-admin', 'push-gdpr-worker', 'push-queue-worker', 'push-legacy-worker', 'push-status-worker', 'push-shared-access-control'). Service dependency data shows that highly critical services like 'push-api' depend on multiple other services (e.g., 'push-admin', 'push-shared-access-control', 'push-infra-storage', 'push-shared-common', 'push-shared-configs'), meaning a successful exploit in this shared dependency could disrupt core push-platform APIs, campaign workflows, access control, and regulated-data processing."", 'Priority rationale and assumptions: On this system’s 0–50 contextual scale, scores ≥38 map to P1, 30–37.9 to P2, 20–29.9 to P3, and <20 to P4. The 32.3 score places CVE-2026-41907 in P2: near-term remediation—driven by high deployment exposure, high business criticality, and large blast radius, partially offset by low current exploit likelihood. Assessment is based solely on graph data (asset/service properties, data classification, ThreatSignal) with no external threat intel beyond the stored EPSS/KEV/exploit flags.']",0.86
CVE-2023-28155,31.5,P2,High,"[""Intrinsic severity S_cvss = 6.5/10: Vulnerability node describes CVE-2023-28155 as a Server-side Request Forgery (SSRF) in the npm package 'request' (version 2.88.2), which allows backend HTTP requests to be steered toward internal resources."", ""Deployment exposure S_exp ≈ 9/10: The vulnerable package is installed on two production assets:\n- asset-push-004 (runtime-host, prod, data_classification='confidential', network_exposure='partner-network'). This is reachable from a partner environment (Salesforce Marketing Cloud) and handles confidential data.\n- asset-push-016 (npm-internal-library, prod, data_classification='internal', network_exposure='internal').\nThe presence on a partner-exposed, confidential, production host drives exposure close to the upper range."", ""Business criticality S_crit ≈ 8/10: CVE-2023-28155 affects two services:\n- 'push-campaign-api' (criticality='important', revenue_impact='medium', handles_pii=true). This is the PUSH External API for Salesforce Marketing Cloud campaigns and journeys, directly processing customer notifications and PII.\n- 'push-shared-configs' (criticality='supporting', revenue_impact='low', handles_pii=false). \nThe vulnerable API is important to business workflows, processes PII, and contributes to revenue, yielding high business criticality despite not being flagged as the very top tier."", 'Exploit likelihood S_exploit ≈ 1/10: ThreatSignal node for this CVE shows epss=0.00557, kevListed=false, publicExploit=false. This indicates low observed exploitation probability in the wild, with no KEV listing and no public exploit signal, so current external pressure is low but non-zero.', ""Blast radius S_blast ≈ 7/10: Directly impacted are 2 assets and 2 services. Additionally, the vulnerable 'push-shared-configs' service is a shared dependency for other services: ['push-api', 'push-campaign-api', 'push-admin']. Compromise of the shared-configs component could propagate misconfiguration or access to multiple dependent services, including externally integrated ones, increasing the potential blast radius beyond a single API host."", 'Overall contextual judgment: Combining S_cvss (6.5) + S_exp (~9) + S_crit (~8) + S_exploit (~1) + S_blast (~7) yields S_priority ≈ 31.5/50. This represents a high contextual risk: an SSRF in a production, partner-exposed, PII-handling campaign API with shared-config dependencies, but tempered by presently low exploit likelihood. It warrants P2 (near-term) remediation rather than immediate P1 emergency response.']",0.9
CVE-2023-0842,26.6,P3,Medium,"['S_cvss (Vulnerability Severity): 5.3/10 — CVSS base score stored in graph is 5.3, described as a prototype pollution issue in npm package xml2js 0.4.23, enabling potential modification of JavaScript object prototypes when parsing untrusted XML/JSON.', 'S_exp (Deployment Exposure): 8.3/10 — Vulnerable package xml2js is installed on AWS runtime host asset-push-004 (hostname push-campaign-api-prod-004.push.internal) with properties environment=prod, data_classification=confidential, network_exposure=partner-network, tier=important. The affected service push-campaign-api is a partner-facing external API for Salesforce Marketing Cloud, implying the vulnerable parsing surface is reachable from external partner systems and handles confidential campaign data.', ""S_crit (Business Criticality): 7.0/10 — The impacted service push-campaign-api is labeled criticality='important', revenue_impact='medium', handles_pii=true, and runs on an 'important' tier asset. This indicates meaningful business and compliance impact (partner integration and customer PII in push campaigns) if the service is compromised or data integrity/confidentiality is affected."", 'S_exploit (Exploit Likelihood): 1.0/10 — ThreatSignal attached to CVE-2023-0842 shows epss=0.00326, kevListed=false, publicExploit=false. This combination indicates very low predicted near-term exploitation probability, with no CISA KEV listing or widely available exploit code observed in the graph’s threat intelligence data.', 'S_blast (Blast Radius): 5.0/10 — The vulnerable package appears on a single prod asset, limiting host spread, but the affected push-campaign-api service depends on several downstream services: push-queue-worker (criticality=important), push-infra-external-api (criticality=important, handles_pii=true), plus supporting shared services (push-shared-common, push-shared-configs). A successful exploit could disrupt this integration chain and potentially expose or misuse PII within this bounded but important subsystem.', 'Computation: S_priority = S_cvss (5.3) + S_exp (8.3) + S_crit (7.0) + S_exploit (1.0) + S_blast (5.0) = 26.6 (on a 0–50 scale derived from five 0–10 components).', 'Overall contextual judgment: Medium contextual risk. Given the prod, partner-exposed, PII-handling nature of push-campaign-api and its important downstream dependencies, but very low current exploit likelihood and confinement to a single host, this vulnerability is prioritized as P3 (scheduled remediation in normal patch cycles, with monitoring for any increase in exploit activity).', 'Assumptions / gaps: The graph shows only one affected asset and no modeled mitigating controls (e.g., strict input validation around xml2js, WAF rules, or runtime hardening). Assessment assumes xml2js is used on partner-supplied data within push-campaign-api and that no strong compensating controls significantly reduce exploitability beyond what is reflected in the low EPSS score.']",0.8
CVE-2025-68480,14.0,P4,Low,"['Intrinsic severity: CVSS 6.9/10 (Asymmetric Resource Consumption / Amplification). Normalized S_cvss = 6.9/10.', 'Deployment exposure: Vulnerable package marshmallow 3.21.1 (pip) is installed on a single AWS asset (asset-push-023) in a dev environment, with internal network exposure and internal data classification. Normalized S_exp ≈ 3/10 (low exposure).', ""Business criticality: The affected service 'push-cli-test-deps' is a supporting, dev-only service for operator CLI integration tests, with low revenue impact and no PII handled. Normalized S_crit ≈ 3/10 (low business impact)."", 'Exploit likelihood: ThreatSignal for CVE-2025-68480 shows EPSS = 0.00132, kevListed = false, publicExploit = false. This indicates extremely low observed exploitation probability. Normalized S_exploit ≈ 0.1/10 (very low).', 'Blast radius: Only one dev asset and one supporting test service are known to be affected; no wider service dependencies were observed in available graph data. Normalized S_blast ≈ 1/10 (very limited scope).', 'Integrated assessment: S_priority = S_cvss(6.9) + S_exp(3) + S_crit(3) + S_exploit(0.1) + S_blast(1) ≈ 14.0/50. Given the dev-only, non-PII, low-revenue, single-asset context and very low exploit likelihood, this vulnerability poses low real-world risk and can be handled as backlog/normal dependency maintenance rather than immediate action.', ""Assumptions/limitations: Service dependency relationships for 'push-cli-test-deps' were not fully observable; assessment assumes no hidden high-criticality upstream/downstream dependencies on this dev test service.""]",0.8
CVE-2025-50181,13.1,P4,Low contextual risk in current environment despite medium CVSS,"['Dimension scores — S_cvss (severity): 6.1/10; S_exp (deployment exposure): 2/10; S_crit (business criticality): 2/10; S_exploit (exploit likelihood): 1/10; S_blast (blast radius): 2/10. Aggregate: 13.1/50.', ""Severity (S_cvss = 6.1/10): The Vulnerability node for CVE-2025-50181 has cvss=6.1 and description='Open Redirect', indicating a medium-severity issue with mainly indirect impact (abuse for phishing or token leakage rather than direct remote code execution)."", ""Deployment exposure (S_exp = 2/10): All affected packages (urllib3 pip packages 2.2.1, 1.26.20, 1.26.18) are installed only on three AWS assets with environment='dev', network_exposure='internal', data_classification='internal', tier='supporting'. There is no evidence of internet-facing or production deployment, so external attack surface is minimal."", ""Business criticality (S_crit = 2/10): Each affected asset hosts a single Service with criticality='supporting', revenue_impact='low', handles_pii=false: (1) 'push-cli-test-deps' (operator CLI integration test deps), (2) 'push-build-deps-jenkins' (Jenkins pipeline Python deps for shipping push-service), (3) 'push-build-deps-dev' (dev-only tooling, explicitly 'Not deployed.'). No PII or direct revenue-bearing services are affected in this graph."", 'Exploit likelihood (S_exploit = 1/10): The linked ThreatSignal (Vulnerability-[:HAS]->ThreatSignal) for CVE-2025-50181 shows epss=0.00079, kevListed=false, publicExploit=false. This reflects extremely low predicted exploitation probability, not tracked in CISA KEV, and no known public exploit in available intel.', 'Blast radius (S_blast = 2/10): The vulnerability ties to 3 Assets and 3 low-criticality Services. Graph analysis shows no Service-[:DEPENDS_ON]->Service edges to or from these services (no upstream or downstream dependencies), so there is no modeled propagation path into higher-tier, production, or PII-handling services. The impact is localized to internal dev/test and CI support components.', 'Overall assessment: In this enterprise graph, CVE-2025-50181 affects only internal dev and pipeline-support Python dependency sets, with low data sensitivity, no internet exposure, no service dependencies, and very low exploit intelligence. The contextual risk is therefore low, justifying a P4 (backlog/monitor) priority, with remediation typically scheduled behind higher-impact vulnerabilities in production or customer-facing systems.', ""Assumptions and scope: Assessment is limited to assets and relationships present in the current knowledge graph. 'internal' data_classification is treated as non-PII/non-regulated. No hidden or external deployments of the affected urllib3 versions are assumed beyond those explicitly modeled.""]",0.9
CVE-2024-47081,12.9,P4,Low,"[""Vulnerability CVSS score is 5.9 (medium) with description 'Insertion of Sensitive Information Into Sent Data', indicating a moderate intrinsic impact if exploited."", ""The vulnerable package is python 'requests' 2.31.0 (pip ecosystem) present only on two AWS assets: 'asset-push-023' and 'asset-push-021'. Both are development ('environment': 'dev'), internally reachable only ('network_exposure': 'internal'), and handle only 'internal' data classification, resulting in low deployment exposure."", ""Both affected services are non-production, supporting/developer utilities: 'push-cli-test-deps' (CLI integration test dependencies) and 'push-build-deps-dev' (dev/build requirements, explicitly documented as 'Not deployed'), with 'criticality': 'supporting', 'revenue_impact': 'low', and 'handles_pii': false. This yields very low business criticality."", 'Threat intelligence for CVE-2024-47081 shows very low exploit likelihood: EPSS = 0.00208, not listed in KEV (kevListed=false), and no known public exploit (publicExploit=false).', 'Blast radius is limited: only two internal dev-tier assets are affected, and (based on available graph data) there are no modeled service dependency chains expanding impact beyond these supporting/dev services.']",0.86
CVE-2025-68146,13.5,P4,Low,"['S_cvss (vulnerability severity): 6.5/10 – Vulnerability node reports cvss=6.5 with description ""Time-of-check Time-of-use (TOCTOU) Race Condition"" in the Python package filelock 3.13.4 (ecosystem=pip), indicating a medium intrinsic severity race condition.', ""S_exp (deployment exposure): 2/10 – The affected package instance is installed only on asset 'asset-push-021' with properties environment='dev', network_exposure='internal', data_classification='internal', kind='pip-dev-requirements'. This is an internal, non-internet-exposed dev asset, significantly limiting direct exposure."", 'S_crit (business criticality): 2/10 – The impacted asset hosts service \'push-build-deps-dev\' whose properties are criticality=\'supporting\', revenue_impact=\'low\', handles_pii=false and description/documentation explicitly stating it is ""Top-level Python dev requirements... Not deployed."" This indicates a supporting, dev-only service with no direct customer or revenue impact and no PII handling.', 'S_exploit (exploit likelihood): 1/10 – ThreatSignal attached to this vulnerability has epss=0.00004, kevListed=false, publicExploit=false. This combination (very low EPSS, not in KEV, no known public exploit) implies very low near-term exploit probability.', 'S_blast (blast radius): 2/10 – Graph context shows a single Package node (filelock 3.13.4) installed on a single dev Asset and associated with one supporting, non-deployed Service. No additional impacted assets or downstream business-critical services are visible in the available context, suggesting a small direct blast radius confined to this dev build-dependency environment.', 'Overall assessment: Medium technical severity but affecting only an internal dev, supporting, non-deployed service with internal data and extremely low exploit likelihood. Contextualized score (6.5 + 2 + 2 + 1 + 2 = 13.5/50) maps to Low enterprise risk; suitable for P4 (backlog/monitor) and remediation during routine dependency refresh rather than immediate action.']",0.86
